sample	length	read_count
CD14_S1	11	2
CD14_S1	12	209
CD14_S1	13	11607
CD14_S1	14	57326
CD14_S1	15	139540
CD14_S1	16	177271
CD14_S1	17	244398
CD14_S1	18	288922
CD14_S1	19	234442
CD14_S1	20	145063
CD14_S1	21	121511
CD14_S1	22	114066
CD14_S1	23	152046
CD14_S1	24	178296
CD14_S1	25	152399
CD14_S1	26	152167
CD14_S1	27	131617
CD14_S1	28	176450
CD14_S1	29	1061518
CD14_S1	30	295048
CD14_S1	31	141396
CD14_S1	32	944901
CD14_S1	33	250378
CD14_S1	34	971796
CD14_S1	35	102925
CD14_S1	36	80782
CD14_S1	37	419154
CD14_S1	38	54729
CD14_S1	39	52777
CD14_S1	40	69979
CD14_S1	41	34806
CD14_S1	42	30378
CD14_S1	43	32705
CD14_S1	44	81863
CD14_S1	45	42310
CD14_S1	46	69137
CD14_S1	47	29488
CD14_S1	48	16343
CD14_S1	49	11582
CD14_S1	50	9690
CD14_S1	51	16131
CD14_S1	52	8297
CD14_S1	53	8223
CD14_S1	54	7897
CD14_S1	55	6703
CD14_S1	56	5599
CD14_S1	57	6442
CD14_S1	58	8609
CD14_S1	59	7558
CD14_S1	60	48513
CD14_S1	61	40547
CD14_S1	62	228595
CD14_S1	63	409581
CD14_S1	64	218522
CD14_S1	65	49002
CD14_S1	66	53649
CD14_S1	67	57957
CD14_S1	68	126852
CD14_S1	69	248258
CD14_S1	70	111880
CD14_S1	71	23133
CD14_S1	72	1397856
CD14_S1	73	15508
CD14_S1	74	7298
CD14_S1	75	5235
CD14_S1	76	24526
CD14_S1	77	22398
CD14_S1	78	5067
CD14_S1	79	14584
CD14_S1	80	2855
CD14_S1	81	960
CD14_S1	82	1249
CD14_S1	83	1325
CD14_S1	84	2528
CD14_S1	85	5180
CD14_S1	86	1930
CD14_S1	87	1255
CD14_S1	88	1048
CD14_S1	89	3223
CD14_S1	90	1621
CD14_S1	91	3463
CD14_S1	92	1974
CD14_S1	93	1499
CD14_S1	94	3638
CD14_S1	95	3444
CD14_S1	96	1103
CD14_S1	97	1073
CD14_S1	98	863
CD14_S1	99	775
CD14_S1	100	769875
CD14_S2	11	2
CD14_S2	12	159
CD14_S2	13	7842
CD14_S2	14	42039
CD14_S2	15	102265
CD14_S2	16	136032
CD14_S2	17	204537
CD14_S2	18	281376
CD14_S2	19	208061
CD14_S2	20	111930
CD14_S2	21	93858
CD14_S2	22	88420
CD14_S2	23	138082
CD14_S2	24	166116
CD14_S2	25	150899
CD14_S2	26	150317
CD14_S2	27	111874
CD14_S2	28	179036
CD14_S2	29	740340
CD14_S2	30	237403
CD14_S2	31	125189
CD14_S2	32	494685
CD14_S2	33	266479
CD14_S2	34	903695
CD14_S2	35	91251
CD14_S2	36	72542
CD14_S2	37	369741
CD14_S2	38	58157
CD14_S2	39	71125
CD14_S2	40	99227
CD14_S2	41	47078
CD14_S2	42	39627
CD14_S2	43	45179
CD14_S2	44	138183
CD14_S2	45	66564
CD14_S2	46	111151
CD14_S2	47	41831
CD14_S2	48	21440
CD14_S2	49	15178
CD14_S2	50	12425
CD14_S2	51	36554
CD14_S2	52	10350
CD14_S2	53	11580
CD14_S2	54	13100
CD14_S2	55	10416
CD14_S2	56	7848
CD14_S2	57	11850
CD14_S2	58	21643
CD14_S2	59	18153
CD14_S2	60	117789
CD14_S2	61	77419
CD14_S2	62	616460
CD14_S2	63	1238126
CD14_S2	64	513417
CD14_S2	65	120111
CD14_S2	66	180053
CD14_S2	67	136393
CD14_S2	68	287924
CD14_S2	69	581199
CD14_S2	70	251348
CD14_S2	71	47213
CD14_S2	72	1665749
CD14_S2	73	29120
CD14_S2	74	29457
CD14_S2	75	17206
CD14_S2	76	70586
CD14_S2	77	46701
CD14_S2	78	16258
CD14_S2	79	32447
CD14_S2	80	6403
CD14_S2	81	1905
CD14_S2	82	2420
CD14_S2	83	2700
CD14_S2	84	5301
CD14_S2	85	11120
CD14_S2	86	3245
CD14_S2	87	2256
CD14_S2	88	2092
CD14_S2	89	10638
CD14_S2	90	3479
CD14_S2	91	6174
CD14_S2	92	3183
CD14_S2	93	1980
CD14_S2	94	3517
CD14_S2	95	3113
CD14_S2	96	1497
CD14_S2	97	1521
CD14_S2	98	1237
CD14_S2	99	1104
CD14_S2	100	670498
CD14_S3	12	167
CD14_S3	13	7893
CD14_S3	14	45601
CD14_S3	15	114172
CD14_S3	16	161294
CD14_S3	17	269122
CD14_S3	18	356855
CD14_S3	19	285707
CD14_S3	20	124765
CD14_S3	21	90304
CD14_S3	22	75395
CD14_S3	23	128885
CD14_S3	24	158549
CD14_S3	25	146260
CD14_S3	26	127539
CD14_S3	27	92375
CD14_S3	28	173332
CD14_S3	29	780983
CD14_S3	30	241058
CD14_S3	31	99568
CD14_S3	32	143758
CD14_S3	33	168321
CD14_S3	34	120282
CD14_S3	35	44892
CD14_S3	36	49397
CD14_S3	37	192982
CD14_S3	38	68111
CD14_S3	39	78319
CD14_S3	40	110211
CD14_S3	41	49563
CD14_S3	42	37233
CD14_S3	43	51852
CD14_S3	44	103493
CD14_S3	45	54744
CD14_S3	46	112833
CD14_S3	47	36656
CD14_S3	48	19268
CD14_S3	49	13045
CD14_S3	50	10501
CD14_S3	51	31671
CD14_S3	52	8765
CD14_S3	53	10680
CD14_S3	54	12802
CD14_S3	55	10145
CD14_S3	56	7392
CD14_S3	57	11108
CD14_S3	58	24216
CD14_S3	59	17753
CD14_S3	60	118694
CD14_S3	61	72495
CD14_S3	62	608768
CD14_S3	63	1137748
CD14_S3	64	435710
CD14_S3	65	133023
CD14_S3	66	158001
CD14_S3	67	118141
CD14_S3	68	289534
CD14_S3	69	443664
CD14_S3	70	205880
CD14_S3	71	51402
CD14_S3	72	1775611
CD14_S3	73	32615
CD14_S3	74	33146
CD14_S3	75	16196
CD14_S3	76	60481
CD14_S3	77	28457
CD14_S3	78	11683
CD14_S3	79	22791
CD14_S3	80	5141
CD14_S3	81	1612
CD14_S3	82	2059
CD14_S3	83	2182
CD14_S3	84	3658
CD14_S3	85	5782
CD14_S3	86	2142
CD14_S3	87	2031
CD14_S3	88	1805
CD14_S3	89	9126
CD14_S3	90	2581
CD14_S3	91	4546
CD14_S3	92	2474
CD14_S3	93	1754
CD14_S3	94	3070
CD14_S3	95	2714
CD14_S3	96	1166
CD14_S3	97	1198
CD14_S3	98	1148
CD14_S3	99	992
CD14_S3	100	644053
CD14_S4	12	181
CD14_S4	13	6683
CD14_S4	14	40673
CD14_S4	15	103131
CD14_S4	16	148659
CD14_S4	17	239157
CD14_S4	18	352858
CD14_S4	19	286243
CD14_S4	20	128533
CD14_S4	21	97648
CD14_S4	22	77206
CD14_S4	23	120288
CD14_S4	24	157090
CD14_S4	25	147558
CD14_S4	26	141492
CD14_S4	27	94135
CD14_S4	28	166891
CD14_S4	29	682957
CD14_S4	30	218771
CD14_S4	31	98657
CD14_S4	32	117511
CD14_S4	33	289575
CD14_S4	34	166134
CD14_S4	35	62048
CD14_S4	36	51363
CD14_S4	37	239531
CD14_S4	38	72052
CD14_S4	39	83978
CD14_S4	40	117150
CD14_S4	41	63757
CD14_S4	42	47048
CD14_S4	43	61905
CD14_S4	44	110877
CD14_S4	45	79150
CD14_S4	46	135046
CD14_S4	47	55799
CD14_S4	48	29571
CD14_S4	49	21035
CD14_S4	50	18303
CD14_S4	51	52299
CD14_S4	52	15647
CD14_S4	53	20860
CD14_S4	54	23438
CD14_S4	55	17077
CD14_S4	56	15160
CD14_S4	57	29077
CD14_S4	58	51138
CD14_S4	59	41330
CD14_S4	60	229975
CD14_S4	61	154621
CD14_S4	62	1248731
CD14_S4	63	1969538
CD14_S4	64	905896
CD14_S4	65	283760
CD14_S4	66	426895
CD14_S4	67	275457
CD14_S4	68	666763
CD14_S4	69	1329154
CD14_S4	70	507674
CD14_S4	71	93622
CD14_S4	72	2659848
CD14_S4	73	89445
CD14_S4	74	80539
CD14_S4	75	60244
CD14_S4	76	206294
CD14_S4	77	84254
CD14_S4	78	39252
CD14_S4	79	54113
CD14_S4	80	14663
CD14_S4	81	4024
CD14_S4	82	4474
CD14_S4	83	5758
CD14_S4	84	7193
CD14_S4	85	8262
CD14_S4	86	3370
CD14_S4	87	3395
CD14_S4	88	3673
CD14_S4	89	30704
CD14_S4	90	7334
CD14_S4	91	8579
CD14_S4	92	5174
CD14_S4	93	3042
CD14_S4	94	4457
CD14_S4	95	4640
CD14_S4	96	1894
CD14_S4	97	1960
CD14_S4	98	2765
CD14_S4	99	1822
CD14_S4	100	669231
CD19_S1	12	99
CD19_S1	13	7475
CD19_S1	14	45028
CD19_S1	15	95303
CD19_S1	16	156442
CD19_S1	17	192922
CD19_S1	18	196225
CD19_S1	19	164809
CD19_S1	20	92487
CD19_S1	21	91411
CD19_S1	22	88714
CD19_S1	23	133325
CD19_S1	24	151707
CD19_S1	25	183019
CD19_S1	26	100794
CD19_S1	27	165365
CD19_S1	28	311330
CD19_S1	29	1313634
CD19_S1	30	477293
CD19_S1	31	154999
CD19_S1	32	125800
CD19_S1	33	106949
CD19_S1	34	119996
CD19_S1	35	65679
CD19_S1	36	86250
CD19_S1	37	177498
CD19_S1	38	161948
CD19_S1	39	165945
CD19_S1	40	203998
CD19_S1	41	109171
CD19_S1	42	76461
CD19_S1	43	91387
CD19_S1	44	104008
CD19_S1	45	139963
CD19_S1	46	111987
CD19_S1	47	71548
CD19_S1	48	39978
CD19_S1	49	27273
CD19_S1	50	37112
CD19_S1	51	126193
CD19_S1	52	30123
CD19_S1	53	35955
CD19_S1	54	42949
CD19_S1	55	35000
CD19_S1	56	26759
CD19_S1	57	69392
CD19_S1	58	72498
CD19_S1	59	119253
CD19_S1	60	269537
CD19_S1	61	194741
CD19_S1	62	1134977
CD19_S1	63	2707650
CD19_S1	64	389878
CD19_S1	65	618791
CD19_S1	66	443343
CD19_S1	67	386594
CD19_S1	68	1311074
CD19_S1	69	981691
CD19_S1	70	515170
CD19_S1	71	196885
CD19_S1	72	1809724
CD19_S1	73	94262
CD19_S1	74	52290
CD19_S1	75	56570
CD19_S1	76	101807
CD19_S1	77	126707
CD19_S1	78	53724
CD19_S1	79	67590
CD19_S1	80	19121
CD19_S1	81	10471
CD19_S1	82	11414
CD19_S1	83	11527
CD19_S1	84	16368
CD19_S1	85	11913
CD19_S1	86	9168
CD19_S1	87	38817
CD19_S1	88	8009
CD19_S1	89	15778
CD19_S1	90	12057
CD19_S1	91	13748
CD19_S1	92	7942
CD19_S1	93	5042
CD19_S1	94	6198
CD19_S1	95	5601
CD19_S1	96	3594
CD19_S1	97	2680
CD19_S1	98	2350
CD19_S1	99	2399
CD19_S1	100	760862
CD19_S2	12	125
CD19_S2	13	6047
CD19_S2	14	33025
CD19_S2	15	68546
CD19_S2	16	111272
CD19_S2	17	136032
CD19_S2	18	143024
CD19_S2	19	115993
CD19_S2	20	71050
CD19_S2	21	73897
CD19_S2	22	73485
CD19_S2	23	106303
CD19_S2	24	123260
CD19_S2	25	128316
CD19_S2	26	91334
CD19_S2	27	123512
CD19_S2	28	250208
CD19_S2	29	899584
CD19_S2	30	358560
CD19_S2	31	134763
CD19_S2	32	109353
CD19_S2	33	118337
CD19_S2	34	117051
CD19_S2	35	64023
CD19_S2	36	71287
CD19_S2	37	126578
CD19_S2	38	117963
CD19_S2	39	119811
CD19_S2	40	141525
CD19_S2	41	80433
CD19_S2	42	60914
CD19_S2	43	80636
CD19_S2	44	115043
CD19_S2	45	118714
CD19_S2	46	107228
CD19_S2	47	64615
CD19_S2	48	35303
CD19_S2	49	29736
CD19_S2	50	35036
CD19_S2	51	99826
CD19_S2	52	28579
CD19_S2	53	34958
CD19_S2	54	39793
CD19_S2	55	34686
CD19_S2	56	29011
CD19_S2	57	63397
CD19_S2	58	82217
CD19_S2	59	149589
CD19_S2	60	289645
CD19_S2	61	209128
CD19_S2	62	1217218
CD19_S2	63	3100938
CD19_S2	64	533056
CD19_S2	65	728553
CD19_S2	66	646930
CD19_S2	67	487106
CD19_S2	68	1399783
CD19_S2	69	1456221
CD19_S2	70	796554
CD19_S2	71	207270
CD19_S2	72	1447030
CD19_S2	73	123674
CD19_S2	74	89970
CD19_S2	75	115860
CD19_S2	76	213445
CD19_S2	77	258943
CD19_S2	78	118540
CD19_S2	79	128604
CD19_S2	80	40619
CD19_S2	81	21155
CD19_S2	82	21112
CD19_S2	83	19542
CD19_S2	84	32459
CD19_S2	85	13476
CD19_S2	86	11650
CD19_S2	87	37569
CD19_S2	88	13129
CD19_S2	89	26333
CD19_S2	90	17992
CD19_S2	91	19013
CD19_S2	92	13508
CD19_S2	93	7168
CD19_S2	94	9514
CD19_S2	95	9306
CD19_S2	96	5329
CD19_S2	97	4050
CD19_S2	98	3819
CD19_S2	99	3692
CD19_S2	100	654452
CD19_S3	11	2
CD19_S3	12	78
CD19_S3	13	7273
CD19_S3	14	35740
CD19_S3	15	80623
CD19_S3	16	131240
CD19_S3	17	175561
CD19_S3	18	188548
CD19_S3	19	152619
CD19_S3	20	84594
CD19_S3	21	80274
CD19_S3	22	75736
CD19_S3	23	120442
CD19_S3	24	133576
CD19_S3	25	147641
CD19_S3	26	81896
CD19_S3	27	135613
CD19_S3	28	297481
CD19_S3	29	1400230
CD19_S3	30	504526
CD19_S3	31	160564
CD19_S3	32	132076
CD19_S3	33	81374
CD19_S3	34	83456
CD19_S3	35	51513
CD19_S3	36	72881
CD19_S3	37	143092
CD19_S3	38	162615
CD19_S3	39	169386
CD19_S3	40	209617
CD19_S3	41	103333
CD19_S3	42	71190
CD19_S3	43	90873
CD19_S3	44	101296
CD19_S3	45	150730
CD19_S3	46	94174
CD19_S3	47	70021
CD19_S3	48	37294
CD19_S3	49	25683
CD19_S3	50	35997
CD19_S3	51	134137
CD19_S3	52	26443
CD19_S3	53	32919
CD19_S3	54	43273
CD19_S3	55	31067
CD19_S3	56	23799
CD19_S3	57	72634
CD19_S3	58	69061
CD19_S3	59	90272
CD19_S3	60	285070
CD19_S3	61	191187
CD19_S3	62	1218482
CD19_S3	63	2229175
CD19_S3	64	447278
CD19_S3	65	457809
CD19_S3	66	374516
CD19_S3	67	360383
CD19_S3	68	1218994
CD19_S3	69	1094455
CD19_S3	70	473210
CD19_S3	71	165879
CD19_S3	72	1968901
CD19_S3	73	112641
CD19_S3	74	88470
CD19_S3	75	103273
CD19_S3	76	189982
CD19_S3	77	200724
CD19_S3	78	85506
CD19_S3	79	96881
CD19_S3	80	25760
CD19_S3	81	13903
CD19_S3	82	15271
CD19_S3	83	14809
CD19_S3	84	21854
CD19_S3	85	13885
CD19_S3	86	9685
CD19_S3	87	24487
CD19_S3	88	12650
CD19_S3	89	40379
CD19_S3	90	21567
CD19_S3	91	26543
CD19_S3	92	15022
CD19_S3	93	9412
CD19_S3	94	12399
CD19_S3	95	14319
CD19_S3	96	5780
CD19_S3	97	4101
CD19_S3	98	4335
CD19_S3	99	4084
CD19_S3	100	625894
CD19_S4	12	51
CD19_S4	13	3566
CD19_S4	14	19110
CD19_S4	15	47011
CD19_S4	16	77521
CD19_S4	17	106284
CD19_S4	18	117404
CD19_S4	19	96060
CD19_S4	20	54423
CD19_S4	21	50654
CD19_S4	22	46870
CD19_S4	23	68799
CD19_S4	24	77970
CD19_S4	25	131764
CD19_S4	26	54404
CD19_S4	27	88160
CD19_S4	28	164498
CD19_S4	29	665308
CD19_S4	30	251755
CD19_S4	31	91694
CD19_S4	32	86466
CD19_S4	33	78054
CD19_S4	34	74454
CD19_S4	35	45904
CD19_S4	36	51532
CD19_S4	37	93046
CD19_S4	38	101337
CD19_S4	39	110145
CD19_S4	40	137074
CD19_S4	41	71844
CD19_S4	42	51498
CD19_S4	43	62681
CD19_S4	44	58287
CD19_S4	45	111097
CD19_S4	46	73972
CD19_S4	47	70296
CD19_S4	48	33513
CD19_S4	49	25520
CD19_S4	50	31118
CD19_S4	51	106870
CD19_S4	52	36344
CD19_S4	53	53929
CD19_S4	54	54937
CD19_S4	55	33543
CD19_S4	56	28907
CD19_S4	57	80151
CD19_S4	58	85897
CD19_S4	59	108619
CD19_S4	60	346934
CD19_S4	61	281675
CD19_S4	62	1430614
CD19_S4	63	2294336
CD19_S4	64	627439
CD19_S4	65	614702
CD19_S4	66	564667
CD19_S4	67	496304
CD19_S4	68	1319681
CD19_S4	69	1595808
CD19_S4	70	796006
CD19_S4	71	212979
CD19_S4	72	1620618
CD19_S4	73	303839
CD19_S4	74	355335
CD19_S4	75	432874
CD19_S4	76	472700
CD19_S4	77	317164
CD19_S4	78	186049
CD19_S4	79	148717
CD19_S4	80	49050
CD19_S4	81	26068
CD19_S4	82	24899
CD19_S4	83	27625
CD19_S4	84	39457
CD19_S4	85	11312
CD19_S4	86	10703
CD19_S4	87	20303
CD19_S4	88	25692
CD19_S4	89	108372
CD19_S4	90	34704
CD19_S4	91	50725
CD19_S4	92	35066
CD19_S4	93	15098
CD19_S4	94	24033
CD19_S4	95	32456
CD19_S4	96	14684
CD19_S4	97	11221
CD19_S4	98	15779
CD19_S4	99	13626
CD19_S4	100	551023
CD4_S1	11	2
CD4_S1	12	86
CD4_S1	13	6703
CD4_S1	14	34078
CD4_S1	15	82002
CD4_S1	16	121041
CD4_S1	17	166521
CD4_S1	18	176268
CD4_S1	19	131412
CD4_S1	20	82842
CD4_S1	21	79615
CD4_S1	22	80469
CD4_S1	23	125747
CD4_S1	24	137597
CD4_S1	25	148879
CD4_S1	26	104521
CD4_S1	27	133939
CD4_S1	28	234133
CD4_S1	29	1107745
CD4_S1	30	342909
CD4_S1	31	134911
CD4_S1	32	214245
CD4_S1	33	167210
CD4_S1	34	344576
CD4_S1	35	73458
CD4_S1	36	83606
CD4_S1	37	226760
CD4_S1	38	122639
CD4_S1	39	114275
CD4_S1	40	131412
CD4_S1	41	74670
CD4_S1	42	51882
CD4_S1	43	69705
CD4_S1	44	98202
CD4_S1	45	158337
CD4_S1	46	91231
CD4_S1	47	61901
CD4_S1	48	33195
CD4_S1	49	23287
CD4_S1	50	36039
CD4_S1	51	133202
CD4_S1	52	25504
CD4_S1	53	32524
CD4_S1	54	42963
CD4_S1	55	33073
CD4_S1	56	26380
CD4_S1	57	55191
CD4_S1	58	68590
CD4_S1	59	80670
CD4_S1	60	217677
CD4_S1	61	171688
CD4_S1	62	1070164
CD4_S1	63	2121511
CD4_S1	64	335743
CD4_S1	65	383915
CD4_S1	66	373677
CD4_S1	67	301124
CD4_S1	68	808730
CD4_S1	69	958194
CD4_S1	70	532706
CD4_S1	71	157232
CD4_S1	72	2100443
CD4_S1	73	104464
CD4_S1	74	64929
CD4_S1	75	78979
CD4_S1	76	139207
CD4_S1	77	149257
CD4_S1	78	60427
CD4_S1	79	73637
CD4_S1	80	21886
CD4_S1	81	11222
CD4_S1	82	12511
CD4_S1	83	12058
CD4_S1	84	15377
CD4_S1	85	12836
CD4_S1	86	7820
CD4_S1	87	12923
CD4_S1	88	10997
CD4_S1	89	29415
CD4_S1	90	18856
CD4_S1	91	25768
CD4_S1	92	11889
CD4_S1	93	7272
CD4_S1	94	9160
CD4_S1	95	10282
CD4_S1	96	7504
CD4_S1	97	4767
CD4_S1	98	3483
CD4_S1	99	3599
CD4_S1	100	633777
CD4_S2	12	84
CD4_S2	13	5661
CD4_S2	14	26284
CD4_S2	15	60818
CD4_S2	16	98924
CD4_S2	17	119221
CD4_S2	18	124537
CD4_S2	19	96893
CD4_S2	20	60031
CD4_S2	21	65842
CD4_S2	22	64843
CD4_S2	23	127663
CD4_S2	24	126537
CD4_S2	25	127759
CD4_S2	26	78842
CD4_S2	27	114216
CD4_S2	28	224278
CD4_S2	29	965544
CD4_S2	30	321954
CD4_S2	31	113156
CD4_S2	32	94789
CD4_S2	33	84441
CD4_S2	34	124245
CD4_S2	35	49642
CD4_S2	36	52556
CD4_S2	37	102181
CD4_S2	38	113768
CD4_S2	39	114740
CD4_S2	40	135847
CD4_S2	41	72019
CD4_S2	42	52347
CD4_S2	43	82854
CD4_S2	44	107379
CD4_S2	45	137837
CD4_S2	46	87365
CD4_S2	47	56034
CD4_S2	48	28959
CD4_S2	49	23305
CD4_S2	50	30852
CD4_S2	51	115685
CD4_S2	52	24695
CD4_S2	53	29468
CD4_S2	54	34667
CD4_S2	55	29695
CD4_S2	56	24259
CD4_S2	57	58869
CD4_S2	58	68925
CD4_S2	59	108161
CD4_S2	60	246060
CD4_S2	61	181363
CD4_S2	62	1051264
CD4_S2	63	2583802
CD4_S2	64	396899
CD4_S2	65	515934
CD4_S2	66	441761
CD4_S2	67	368121
CD4_S2	68	1244238
CD4_S2	69	1224614
CD4_S2	70	603455
CD4_S2	71	203982
CD4_S2	72	1879795
CD4_S2	73	101577
CD4_S2	74	74989
CD4_S2	75	97630
CD4_S2	76	174435
CD4_S2	77	220168
CD4_S2	78	91974
CD4_S2	79	95556
CD4_S2	80	30675
CD4_S2	81	18514
CD4_S2	82	17989
CD4_S2	83	18195
CD4_S2	84	26821
CD4_S2	85	15769
CD4_S2	86	10939
CD4_S2	87	20235
CD4_S2	88	12474
CD4_S2	89	28661
CD4_S2	90	21096
CD4_S2	91	23662
CD4_S2	92	16293
CD4_S2	93	9491
CD4_S2	94	12649
CD4_S2	95	13279
CD4_S2	96	7127
CD4_S2	97	4968
CD4_S2	98	4373
CD4_S2	99	4323
CD4_S2	100	772113
CD4_S3	11	2
CD4_S3	12	74
CD4_S3	13	5897
CD4_S3	14	25725
CD4_S3	15	59725
CD4_S3	16	100896
CD4_S3	17	136879
CD4_S3	18	154144
CD4_S3	19	129802
CD4_S3	20	69186
CD4_S3	21	63517
CD4_S3	22	57274
CD4_S3	23	96980
CD4_S3	24	101515
CD4_S3	25	101439
CD4_S3	26	60172
CD4_S3	27	90838
CD4_S3	28	197517
CD4_S3	29	847241
CD4_S3	30	282566
CD4_S3	31	98570
CD4_S3	32	79182
CD4_S3	33	54407
CD4_S3	34	47806
CD4_S3	35	35856
CD4_S3	36	45943
CD4_S3	37	69922
CD4_S3	38	110423
CD4_S3	39	110381
CD4_S3	40	128056
CD4_S3	41	67712
CD4_S3	42	47646
CD4_S3	43	70285
CD4_S3	44	88846
CD4_S3	45	145454
CD4_S3	46	84075
CD4_S3	47	61689
CD4_S3	48	29499
CD4_S3	49	23628
CD4_S3	50	35176
CD4_S3	51	119689
CD4_S3	52	26504
CD4_S3	53	33847
CD4_S3	54	40943
CD4_S3	55	32221
CD4_S3	56	26380
CD4_S3	57	66833
CD4_S3	58	81053
CD4_S3	59	117505
CD4_S3	60	272244
CD4_S3	61	207066
CD4_S3	62	1267471
CD4_S3	63	2871824
CD4_S3	64	464781
CD4_S3	65	590335
CD4_S3	66	531533
CD4_S3	67	446967
CD4_S3	68	1421653
CD4_S3	69	1483743
CD4_S3	70	794427
CD4_S3	71	209386
CD4_S3	72	1940817
CD4_S3	73	144549
CD4_S3	74	115589
CD4_S3	75	162607
CD4_S3	76	266877
CD4_S3	77	283857
CD4_S3	78	117392
CD4_S3	79	115994
CD4_S3	80	36756
CD4_S3	81	20927
CD4_S3	82	22671
CD4_S3	83	23003
CD4_S3	84	32770
CD4_S3	85	22285
CD4_S3	86	14367
CD4_S3	87	22203
CD4_S3	88	17476
CD4_S3	89	44029
CD4_S3	90	31531
CD4_S3	91	38129
CD4_S3	92	21914
CD4_S3	93	12235
CD4_S3	94	15500
CD4_S3	95	17781
CD4_S3	96	7924
CD4_S3	97	5403
CD4_S3	98	5733
CD4_S3	99	5396
CD4_S3	100	733181
CD4_S4	12	63
CD4_S4	13	4018
CD4_S4	14	20421
CD4_S4	15	51776
CD4_S4	16	81398
CD4_S4	17	123669
CD4_S4	18	157855
CD4_S4	19	132440
CD4_S4	20	67838
CD4_S4	21	57307
CD4_S4	22	49474
CD4_S4	23	84773
CD4_S4	24	90963
CD4_S4	25	100946
CD4_S4	26	71683
CD4_S4	27	89100
CD4_S4	28	187744
CD4_S4	29	818844
CD4_S4	30	276783
CD4_S4	31	101477
CD4_S4	32	94279
CD4_S4	33	123153
CD4_S4	34	89529
CD4_S4	35	49646
CD4_S4	36	51163
CD4_S4	37	141483
CD4_S4	38	121235
CD4_S4	39	134926
CD4_S4	40	168221
CD4_S4	41	68700
CD4_S4	42	54842
CD4_S4	43	75864
CD4_S4	44	87456
CD4_S4	45	83945
CD4_S4	46	97741
CD4_S4	47	63591
CD4_S4	48	30179
CD4_S4	49	22873
CD4_S4	50	20860
CD4_S4	51	66939
CD4_S4	52	21268
CD4_S4	53	31259
CD4_S4	54	37098
CD4_S4	55	24857
CD4_S4	56	19464
CD4_S4	57	38181
CD4_S4	58	69934
CD4_S4	59	59315
CD4_S4	60	272664
CD4_S4	61	185287
CD4_S4	62	1377337
CD4_S4	63	2647137
CD4_S4	64	940271
CD4_S4	65	432430
CD4_S4	66	570336
CD4_S4	67	409504
CD4_S4	68	902428
CD4_S4	69	1619628
CD4_S4	70	657261
CD4_S4	71	167079
CD4_S4	72	1824116
CD4_S4	73	277128
CD4_S4	74	238490
CD4_S4	75	253543
CD4_S4	76	494063
CD4_S4	77	197551
CD4_S4	78	118690
CD4_S4	79	91494
CD4_S4	80	28372
CD4_S4	81	11255
CD4_S4	82	11031
CD4_S4	83	13891
CD4_S4	84	15183
CD4_S4	85	7396
CD4_S4	86	6235
CD4_S4	87	7045
CD4_S4	88	14878
CD4_S4	89	114747
CD4_S4	90	27553
CD4_S4	91	28305
CD4_S4	92	20627
CD4_S4	93	8604
CD4_S4	94	18744
CD4_S4	95	25223
CD4_S4	96	4293
CD4_S4	97	5173
CD4_S4	98	11142
CD4_S4	99	6900
CD4_S4	100	497972
CD56_S1	12	134
CD56_S1	13	7466
CD56_S1	14	40558
CD56_S1	15	98453
CD56_S1	16	148033
CD56_S1	17	196379
CD56_S1	18	217719
CD56_S1	19	180149
CD56_S1	20	99574
CD56_S1	21	90817
CD56_S1	22	87300
CD56_S1	23	129217
CD56_S1	24	142984
CD56_S1	25	130086
CD56_S1	26	101331
CD56_S1	27	122957
CD56_S1	28	231818
CD56_S1	29	776465
CD56_S1	30	317585
CD56_S1	31	164272
CD56_S1	32	292003
CD56_S1	33	230980
CD56_S1	34	524756
CD56_S1	35	106580
CD56_S1	36	94198
CD56_S1	37	235252
CD56_S1	38	142628
CD56_S1	39	164319
CD56_S1	40	223071
CD56_S1	41	93663
CD56_S1	42	69188
CD56_S1	43	88045
CD56_S1	44	141847
CD56_S1	45	149729
CD56_S1	46	136113
CD56_S1	47	75648
CD56_S1	48	38342
CD56_S1	49	28565
CD56_S1	50	35286
CD56_S1	51	121848
CD56_S1	52	25654
CD56_S1	53	30800
CD56_S1	54	37389
CD56_S1	55	28323
CD56_S1	56	21457
CD56_S1	57	45106
CD56_S1	58	51782
CD56_S1	59	56382
CD56_S1	60	222430
CD56_S1	61	148545
CD56_S1	62	1003520
CD56_S1	63	2520566
CD56_S1	64	771750
CD56_S1	65	384785
CD56_S1	66	390257
CD56_S1	67	303940
CD56_S1	68	839938
CD56_S1	69	941924
CD56_S1	70	398760
CD56_S1	71	120337
CD56_S1	72	1438862
CD56_S1	73	86354
CD56_S1	74	50451
CD56_S1	75	61914
CD56_S1	76	126986
CD56_S1	77	161149
CD56_S1	78	60135
CD56_S1	79	80104
CD56_S1	80	19047
CD56_S1	81	7672
CD56_S1	82	7673
CD56_S1	83	6445
CD56_S1	84	8955
CD56_S1	85	7376
CD56_S1	86	4341
CD56_S1	87	13380
CD56_S1	88	5889
CD56_S1	89	18366
CD56_S1	90	10230
CD56_S1	91	7906
CD56_S1	92	5587
CD56_S1	93	2941
CD56_S1	94	3314
CD56_S1	95	3926
CD56_S1	96	2383
CD56_S1	97	2059
CD56_S1	98	2018
CD56_S1	99	1773
CD56_S1	100	797087
CD56_S2	11	4
CD56_S2	12	195
CD56_S2	13	10058
CD56_S2	14	53124
CD56_S2	15	120877
CD56_S2	16	174403
CD56_S2	17	235272
CD56_S2	18	269407
CD56_S2	19	213985
CD56_S2	20	119018
CD56_S2	21	109886
CD56_S2	22	108379
CD56_S2	23	171346
CD56_S2	24	184059
CD56_S2	25	182108
CD56_S2	26	116159
CD56_S2	27	157448
CD56_S2	28	299505
CD56_S2	29	1098924
CD56_S2	30	430880
CD56_S2	31	179751
CD56_S2	32	210260
CD56_S2	33	200634
CD56_S2	34	418793
CD56_S2	35	76617
CD56_S2	36	91624
CD56_S2	37	164181
CD56_S2	38	145926
CD56_S2	39	160599
CD56_S2	40	182695
CD56_S2	41	83845
CD56_S2	42	65573
CD56_S2	43	85435
CD56_S2	44	131807
CD56_S2	45	113144
CD56_S2	46	99838
CD56_S2	47	55685
CD56_S2	48	29338
CD56_S2	49	21744
CD56_S2	50	27202
CD56_S2	51	78801
CD56_S2	52	19910
CD56_S2	53	23097
CD56_S2	54	28892
CD56_S2	55	24460
CD56_S2	56	17760
CD56_S2	57	37061
CD56_S2	58	40285
CD56_S2	59	50443
CD56_S2	60	149693
CD56_S2	61	101508
CD56_S2	62	676891
CD56_S2	63	1596157
CD56_S2	64	303698
CD56_S2	65	295448
CD56_S2	66	259281
CD56_S2	67	230236
CD56_S2	68	615799
CD56_S2	69	612183
CD56_S2	70	308243
CD56_S2	71	93251
CD56_S2	72	1046373
CD56_S2	73	54390
CD56_S2	74	37389
CD56_S2	75	38073
CD56_S2	76	86751
CD56_S2	77	93084
CD56_S2	78	33715
CD56_S2	79	43268
CD56_S2	80	13060
CD56_S2	81	6450
CD56_S2	82	6833
CD56_S2	83	5736
CD56_S2	84	7926
CD56_S2	85	5986
CD56_S2	86	3694
CD56_S2	87	9260
CD56_S2	88	4750
CD56_S2	89	11478
CD56_S2	90	7476
CD56_S2	91	7712
CD56_S2	92	4984
CD56_S2	93	2552
CD56_S2	94	3361
CD56_S2	95	2990
CD56_S2	96	2009
CD56_S2	97	1567
CD56_S2	98	1461
CD56_S2	99	1431
CD56_S2	100	701111
CD56_S3	11	1
CD56_S3	12	74
CD56_S3	13	5797
CD56_S3	14	29891
CD56_S3	15	74221
CD56_S3	16	114895
CD56_S3	17	176626
CD56_S3	18	215930
CD56_S3	19	168938
CD56_S3	20	80697
CD56_S3	21	64962
CD56_S3	22	55734
CD56_S3	23	92624
CD56_S3	24	104875
CD56_S3	25	92853
CD56_S3	26	62469
CD56_S3	27	84446
CD56_S3	28	205932
CD56_S3	29	771501
CD56_S3	30	245889
CD56_S3	31	112764
CD56_S3	32	150286
CD56_S3	33	107353
CD56_S3	34	81522
CD56_S3	35	41358
CD56_S3	36	55556
CD56_S3	37	99212
CD56_S3	38	111331
CD56_S3	39	149540
CD56_S3	40	209178
CD56_S3	41	72290
CD56_S3	42	56047
CD56_S3	43	72709
CD56_S3	44	110303
CD56_S3	45	110528
CD56_S3	46	86959
CD56_S3	47	55146
CD56_S3	48	25260
CD56_S3	49	20368
CD56_S3	50	23504
CD56_S3	51	100673
CD56_S3	52	18579
CD56_S3	53	23406
CD56_S3	54	31578
CD56_S3	55	22609
CD56_S3	56	16561
CD56_S3	57	31513
CD56_S3	58	48452
CD56_S3	59	44046
CD56_S3	60	203249
CD56_S3	61	122689
CD56_S3	62	1172812
CD56_S3	63	2464269
CD56_S3	64	896202
CD56_S3	65	270562
CD56_S3	66	381973
CD56_S3	67	255400
CD56_S3	68	523411
CD56_S3	69	778113
CD56_S3	70	276619
CD56_S3	71	92203
CD56_S3	72	1314689
CD56_S3	73	70247
CD56_S3	74	53355
CD56_S3	75	50016
CD56_S3	76	133722
CD56_S3	77	102097
CD56_S3	78	46417
CD56_S3	79	40851
CD56_S3	80	12922
CD56_S3	81	5623
CD56_S3	82	5225
CD56_S3	83	5426
CD56_S3	84	7203
CD56_S3	85	7031
CD56_S3	86	4800
CD56_S3	87	6433
CD56_S3	88	4469
CD56_S3	89	20196
CD56_S3	90	9499
CD56_S3	91	13380
CD56_S3	92	5827
CD56_S3	93	2737
CD56_S3	94	3435
CD56_S3	95	4205
CD56_S3	96	1801
CD56_S3	97	1702
CD56_S3	98	2127
CD56_S3	99	1611
CD56_S3	100	477564
CD56_S4	12	70
CD56_S4	13	4589
CD56_S4	14	23919
CD56_S4	15	57795
CD56_S4	16	89436
CD56_S4	17	131550
CD56_S4	18	165204
CD56_S4	19	135621
CD56_S4	20	72106
CD56_S4	21	63674
CD56_S4	22	58910
CD56_S4	23	94997
CD56_S4	24	109016
CD56_S4	25	114186
CD56_S4	26	63227
CD56_S4	27	99077
CD56_S4	28	230351
CD56_S4	29	987566
CD56_S4	30	310764
CD56_S4	31	132941
CD56_S4	32	151300
CD56_S4	33	112687
CD56_S4	34	94962
CD56_S4	35	46881
CD56_S4	36	61420
CD56_S4	37	103375
CD56_S4	38	140638
CD56_S4	39	170474
CD56_S4	40	222136
CD56_S4	41	84994
CD56_S4	42	65689
CD56_S4	43	89662
CD56_S4	44	104435
CD56_S4	45	127732
CD56_S4	46	97086
CD56_S4	47	71456
CD56_S4	48	33549
CD56_S4	49	24332
CD56_S4	50	31412
CD56_S4	51	123739
CD56_S4	52	27897
CD56_S4	53	33482
CD56_S4	54	44456
CD56_S4	55	30439
CD56_S4	56	23754
CD56_S4	57	56004
CD56_S4	58	66183
CD56_S4	59	63663
CD56_S4	60	288153
CD56_S4	61	170526
CD56_S4	62	1418721
CD56_S4	63	2702822
CD56_S4	64	816153
CD56_S4	65	394810
CD56_S4	66	463956
CD56_S4	67	346568
CD56_S4	68	982796
CD56_S4	69	1227705
CD56_S4	70	450615
CD56_S4	71	139291
CD56_S4	72	1617933
CD56_S4	73	122358
CD56_S4	74	110355
CD56_S4	75	109975
CD56_S4	76	238471
CD56_S4	77	164593
CD56_S4	78	71645
CD56_S4	79	69292
CD56_S4	80	20293
CD56_S4	81	9089
CD56_S4	82	9551
CD56_S4	83	10170
CD56_S4	84	13823
CD56_S4	85	11553
CD56_S4	86	7040
CD56_S4	87	11438
CD56_S4	88	8895
CD56_S4	89	41152
CD56_S4	90	16328
CD56_S4	91	19911
CD56_S4	92	11548
CD56_S4	93	5322
CD56_S4	94	7317
CD56_S4	95	10055
CD56_S4	96	3229
CD56_S4	97	2641
CD56_S4	98	3515
CD56_S4	99	2810
CD56_S4	100	496582
